,data_pd,sample_pd,IID,Read_count,Insertion_pt,Length,Inserted_sequence,Microhomology,NTS,Num_ITDs,Second_ITD,donor_id,NGS_ITD,Clin_ITD,Clin_Ratio,Merge_ITD,Merge_ITD_Ratio,Calledby
3,PD15032c,PD14985a,PD14985,104,13:28608288,75,ACTACCAAACTCTAAATTTTCTCTTGGAAACTCCCATTTGAGATCATATTCATATTCTCTGAAATCAACGTAGAA,.,AC,4,32___13:28608273___24___TTTGAGATCATATTCATATTCTCT___.___.,16-1187,ITD,na,na,ITD,na,NGS_na
4,PD15035a2,PD15035a,PD15035,185,13:28608286,30,TCATATTCATATTCTCTGAAATCAACGTAG,.,.,5,12___13:28608322___48___GAATCAACGTAGAAGTACTCATTATCTGAGGAGCCGGTCACCTGTACC___.___G,17-2818,ITD,na,na,ITD,na,NGS_na
5,PD15038a,PD14979a,PD14979,61,13:28608319,69,GTGAGATCATATTCATATTCTCTGAAATCAACGTAGAAGTACTCATTATCTGAGGAGCCGGTCACCTGT,.,G,2,12___13:28608319___57___TCATATTCTCTGAAATCAACGTAGAAGTACTCATTATCTGAGGAGCCGGTCACCTGT___T___.,17-2840,ITD,na,na,ITD,na,NGS_na
6,PD15028a2,PD15028a,PD15028,101,13:28608301,42,CTTTCATATTCTCTGAAATCAACGTAGAAGTACTCATTATCT,.,CT,2,7___13:28608534___380___CATTTTAAAGATTTTCCAATGGAAAAGAAATGCTGCAGAAACATTTGGCACATTCCATTCTTACCAAACTCTAAATTTTCTCTTGGAAACTCCCATTTGAGATCATATTCATATTCTCTGAAATCAACGTAGAAGTACTCATTATCTGAGGAGCCGGTCACCTGTACCATCTGTAGCTGGCTTTCATACCTAAATTGCTTCAGAGATGAAATGATGAGTCAGTTAGGAATAGGCAGTTCTGCAGATAGAGGAAAGAATAATGAATTTTTACCTTTGCTTTTACCTTTTTGTACTTGTGACAAATTAGCAGGGTTAAAACGACAATGAAGAGGAGACAAACACCAATTGTTGCATAGAATGAGATGTTGTCTTGGATGAAA___.___.,17-2891,ITD,na,na,ITD,na,NGS_na
7,PD14998a,PD15019c,PD15019,163,13:28608313,75,GGAAACTCCCATTTGAGATCATATTCATATTCTCTGAAATCAACGTAGAAGTACTCATTATCTGAGGAGCCGGTC,.,.,1,.,17-2999,ITD,na,na,ITD,na,NGS_na
12,PD14994c,PD15023a,PD15023,8,13:28608281,21,ATTCATATTCTCTGAAATCAA,.,.,1,.,Li1-1073,ITD,na,na,ITD,na,NGS_na
13,PD15053a,PD14964a,PD14964,9,13:28608312,42,TGTGAAATCAACGTAGAAGTACTCATTATCTGAGGAGCCGGT,.,TG,1,.,Li1-1078,ITD,na,na,ITD,na,NGS_na
14,PD15027a,PD14990c,PD14990,175,13:28608265,27,GGAAACTCCCATTTGAGATCATATTCA,.,.,1,.,Li1-1080,ITD,na,na,ITD,na,NGS_na
15,PD15001a,PD15016a,PD15016,59,13:28608271,21,TTGAGATCATATTCATATTCT,T,.,2,46___13:28608290___60___TTTCTCTTGGAAACTCCCATTTGAGATCATATTCATATTCTCTGAAATCAACGTAGAAGT___T___.,Li1-1087,ITD,na,na,ITD,na,NGS_na
59,PD15050c,PD14967a,PD14967,.,.,.,.,.,.,0,.,17-2855,No_ITD,na,na,No_ITD,,NGS_na
60,PD15050c2,PD15050c,PD15050,.,.,.,.,.,.,0,.,17-2857,No_ITD,na,na,No_ITD,,NGS_na
62,PD15048c,PD14969a,PD14969,.,.,.,.,.,.,0,.,17-2887,No_ITD,na,na,No_ITD,,NGS_na
64,PD14991c,PD15026c,PD15026,.,.,.,.,.,.,0,.,18P-2023,No_ITD,na,na,No_ITD,,NGS_na
66,PD15012a,PD15005a,PD15005,.,.,.,.,.,.,0,.,18P-2026,No_ITD,na,na,No_ITD,,NGS_na
67,PD15036c,PD14981c,PD14981,.,.,.,.,.,.,0,.,18P-2028,No_ITD,na,na,No_ITD,,NGS_na
68,PD14999a,PD15018c,PD15018,.,.,.,.,.,.,0,.,18P-2030,No_ITD,na,na,No_ITD,,NGS_na
99,PD15055c,PD14962c,PD14962,.,.,.,.,.,.,0,.,LI1-1074,No_ITD,na,na,No_ITD,,NGS_na
100,PD15017c,PD15000a,PD15000,.,.,.,.,.,.,0,.,Li1-1075,No_ITD,na,na,No_ITD,,NGS_na
101,PD15005a,PD15012a,PD15012,.,.,.,.,.,.,0,.,Li1-1077,No_ITD,na,na,No_ITD,,NGS_na
102,PD15002a,PD15015c,PD15015,.,.,.,.,.,.,0,.,Li1-1082,No_ITD,na,na,No_ITD,,NGS_na
104,PD14978a,PD15039a,PD15039,.,.,.,.,.,.,0,.,Li1-1084,No_ITD,na,na,No_ITD,,NGS_na
105,PD14977c,PD15040a,PD15040,.,.,.,.,.,.,0,.,Li1-1086,No_ITD,na,na,No_ITD,,NGS_na
106,PD15014a,PD15003c,PD15003,.,.,.,.,.,.,0,.,Li1-1088,No_ITD,na,na,No_ITD,,NGS_na
107,PD14965c,PD15052c,PD15052,.,.,.,.,.,.,0,.,Li1-1090,No_ITD,na,na,No_ITD,,NGS_na
108,PD14975a,PD15042a,PD15042,.,.,.,.,.,.,0,.,Li1-1094,No_ITD,na,na,No_ITD,,NGS_na
110,PD15022a,PD15007a,PD15007,.,.,.,.,.,.,0,.,Li1-1097,No_ITD,na,na,No_ITD,,NGS_na
111,PD14986a,PD15031c,PD15031,.,.,.,.,.,.,0,.,Li1-1098,No_ITD,na,na,No_ITD,,NGS_na
112,PD15021c,PD14996a,PD14996,.,.,.,.,.,.,0,.,Li1-1099,No_ITD,na,na,No_ITD,,NGS_na
117,PD15010c,PD14995c,PD14995,.,.,.,.,.,.,0,.,Li1-1109,No_ITD,na,na,No_ITD,,NGS_na
118,PD14973c,PD15044c,PD15044,.,.,.,.,.,.,0,.,Li1-1110,No_ITD,na,na,No_ITD,,NGS_na
572,PD14989c2,PD14989c,PD14989,303,13:28608286,42,TCCCATTTGAGATCATATTCATATTCTCTGAAATCAACGTAG,.,.,2,13___13:28608286___309___TCCCATTTTTGTGCATCTTTGTTGCTGTCCTTCCACTATACTGTACCTTTCAGCATTTTGACGGCAACCTGGATTGAGACTCCTGTTTTGCTAATTCCATAAGCTGTTGCGTTCATCACTTTTCCAAAAGCACCTGATCCTAGTACCTTCCCTGCAAAGACAAATGGTGAGTACGTGCATTTTAAAGATTTTCCAATGGAAAAGAAATGCTGCAGAAACATTTGGCACATTCCATTCTTACCAAACTCTAAATTTTCTCTTGGAAACTCCCATTTGAGATCATATTCATATTCTCTGAAATCAACGTAG___.___.,17-2828,ITD,1,17.4,ITD,,Both
598,PD23267c,PD23262c,PD23262,201,13:28608326,57,CTCTGAAATCAACGTAGAAGTACTCATTATCTGAGGAGCCGGTCACCTGTACCATCT,T,.,2,20___13:28608259___156___AAAGCACCTGATCCTAGTACCTTCCCTGCAAAGACAAATGGTGAGTACGTGCATTTTAAAGATTTTCCAATGGAAAAGAAATGCTGCAGAAACATTTGGCACATTCCATTCTTACCAAACTCTAAATTTTCTCTTGGAAACTCCCATTTGAGATCA___CA___.,17-3207,ITD,1,24,ITD,,Both
599,PD23256c,PD23267c,PD23267,60,13:28608271,51,AACTCTAAATTTTCTCTTGGAAACTCCCATTTGAGATCATATTCATATTCT,.,.,2,6___13:28608285___63___CTCTAAATTTTCTCTTGGAAACTCCCATTTGAGATCATATTCATATTCTCTGAAATCAACGTA___A___.,17-3218,ITD,1,31,ITD,,Both
611,PD23313c,PD23315c,PD23315,151,13:28608309,69,TAACTCCCATTTGAGATCATATTCATATTCTCTGAAATCAACGTAGAAGTACTCATTATCTGAGGAGCC,.,T,1,.,17-3406,ITD,1,11,ITD,,Both
697,PD14968a,PD15049c,PD15049,.,.,.,.,.,.,0,.,17-2841,No_ITD,1,8.2,ITD,,CLIN
698,PD14979a,PD15038a,PD15038,.,.,.,.,.,.,0,.,17-2847,No_ITD,1,24,ITD,,CLIN
699,PD14990c,PD15027a,PD15027,.,.,.,.,.,.,0,.,17-2878,No_ITD,1,38,ITD,,CLIN
700,PD15011a,PD15006c,PD15006,.,.,.,.,.,.,0,.,17-2916,No_ITD,1,41,ITD,,CLIN
701,PD14963a,PD15054a,PD15054,.,.,.,.,.,.,0,.,17-2926,No_ITD,1,21,ITD,,CLIN
702,PD23315c,PD23222c,PD23222,.,.,.,.,.,.,0,.,17-3088,No_ITD,1,41,ITD,,CLIN
703,PD23245a,PD23246a,PD23246,.,.,.,.,.,.,0,.,17-3156,No_ITD,1,14,ITD,,CLIN
704,PD23262c,PD23250c,PD23250,.,.,.,.,.,.,0,.,17-3172,No_ITD,1,87,ITD,,CLIN
706,PD23247c,PD23257c,PD23257,.,.,.,.,.,.,0,.,17-3194,No_ITD,1,82,ITD,,CLIN
707,PD23280a,PD23284c,PD23284,.,.,.,.,.,.,0,.,17-3290,No_ITD,1,16,ITD,,CLIN
708,PD23307c,PD23298c,PD23298,.,.,.,.,.,.,0,.,17-3349,No_ITD,1,31,ITD,,CLIN
709,PD23310a,PD23312c,PD23312,.,.,.,.,.,.,0,.,17-3394,No_ITD,1,13,ITD,,CLIN
718,PD23303a,PD23244a,PD23244,na,na,na,na,na,na,na,na,17-3145,na,1,21,ITD,,CLIN
719,PD23255c,PD23263c,PD23263,na,na,na,na,na,na,na,na,17-3208,na,1,52,ITD,,CLIN
720,PD23261c,PD23271a,PD23271,na,na,na,na,na,na,na,na,17-3232,na,1,89,ITD,,CLIN
721,PD23232c,PD23299d,PD23299,na,na,na,na,na,na,na,na,17-3355,na,1,27,ITD,,CLIN
797,PD14984c,PD15033a,PD15033,22,13:28608300,42,GGGTTCATATTCTCTGAAATCAACGTAGAAGTACTCATTATC,.,GGG,1,.,16-5084,ITD,0,0,ITD,,NGSonly
842,PD15006c,PD15011a,PD15011,230,13:28608276,33,CTCCCATTTGAGATCATATTCATATTCTCTGAA,AA,.,1,.,17-2816,ITD,0,0,ITD,,NGSonly
844,PD15018c,PD14999a,PD14999,6,13:28608297,51,GGGGTTGAGATCATATTCATATTCTCTGAAATCAACGTAGAAGTACTCATT,.,GGGG,1,.,17-2820,ITD,0,0,ITD,,NGSonly
845,PD15040a,PD14977c,PD14977,5,13:28608315,93,TAGGGGTTTTTCTCTTGGAAACTCCCATTTGAGATCATATTCATATTCTCTGAAATCAACGTAGAAGTACTCATTATCTGAGGAGCCGGTCAC,.,TAGGGGT,1,.,17-2829,ITD,0,0,ITD,,NGSonly
847,PD15026c,PD14991c,PD14991,209,13:28608313,57,TCATATTCATATTCTCTGAAATCAACGTAGAAGTACTCATTATCTGAGGAGCCGGTC,.,.,1,.,17-2860,ITD,0,0,ITD,,NGSonly
848,PD15037c,PD14980a,PD14980,13,13:28608298,81,CCAAACTCTAAATTTTCTCTTGGAAACTCCCATTTGAGATCATATTCATATTCTCTGAAATCAACGTAGAAGTACTCATTA,TTA,.,1,.,17-2873,ITD,0,0,ITD,,NGSonly
850,PD14966a,PD15051c,PD15051,7,13:28608317,99,CAAACTCTAAATTTTCTCTTGGAAACTCCCATTTGAGATCATATTCATATTCTCTGAAATCAACGTAGAAGTACTCATTATCTGAGGAGCCGGTCACCT,.,.,1,.,17-2886,ITD,0,0,ITD,,NGSonly
851,PD14988a,PD15029c,PD15029,7,13:28608286,24,TCATATTCTCTGAAATCAACGTAG,.,.,1,.,17-2895,ITD,0,0,ITD,,NGSonly
852,PD15047a,PD14970a,PD14970,20,13:28608246,21,TAAATTTTCTCTTGGAAACTC,AAACTC,.,1,.,17-2908,ITD,0,0,ITD,,NGSonly
853,PD15046a,PD14971a,PD14971,12,13:28608663,193,AACGACAATGAAGAGGAGACAAACACCAATTGTTGCATAGAATGAGATGTTGTCTTGGATGAAAGGGAAGGGGCCTGCAACAAAAGAGTGTCACTCAGCGATGAAACAGAATTCCTGTGTGACATTATAAATAGTGGACAACTCATTATAATCTCTCACATCCTGTTTCAGTAATAATCATTTTCAGTCCTAA,TAA,.,1,.,17-2929,ITD,0,0,ITD,,NGSonly
859,PD23234a,PD23232c,PD23232,71,13:28608313,69,TCCCATTTGAGATCATATTCATATTCTCTGAAATCAACGTAGAAGTACTCATTATCTGAGGAGCCGGTC,C,.,1,.,17-3113,ITD,0,0,ITD,,NGSonly
860,PD23257c,PD23245a,PD23245,60,13:28608267,18,CGGGAGATCATATTCATA,.,CGG,1,.,17-3151,ITD,0,0,ITD,,NGSonly
861,PD23248a,PD23255c,PD23255,257,13:28608264,39,TAAATTTTCTCTTGGAAACTCCCATTTGAGATCATATTC,TC,.,2,5___13:28608271___45___AAATTTTCTCTTGGAAACTCCCATTTGAGATCATATTCATATTCT___TCT___.,17-3192,ITD,0,0,ITD,,NGSonly
862,PD23242c,PD23256c,PD23256,93,13:28608280,21,TATTCATATTCTCTGAAATCA,ATCA,.,1,.,17-3193,ITD,0,0,ITD,,NGSonly
863,PD23281c,PD23261c,PD23261,285,13:28608289,33,GGATCTTCATATTCTCTGAAATCAACGTAGAAG,.,GGATC,1,.,17-3205,ITD,0,0,ITD,,NGSonly
868,PD23293a,PD23303a,PD23303,42,13:28608311,78,AGGCCCCAAACTCCCATTTGAGATCATATTCATATTCTCTGAAATCAACGTAGAAGTACTCATTATCTGAGGAGCCGG,.,AGGCCCC,2,5___13:28608313___84___CCTTCTCTTGGAAACTCCCATTTGAGATCATATTCATATTCTCTGAAATCAACGTAGAAGTACTCATTATCTGAGGAGCCGGTC___.___CC,17-3368,ITD,0,0,ITD,,NGSonly
869,PD23306c,PD23307c,PD23307,82,13:28608320,93,AATTTTCTCTTGGAAACTCCCATTTGAGATCATATTCATATTCTCTGAAATCAACGTAGAAGTACTCATTATCTGAGGAGCCGGTCACCTGTA,TA,.,1,.,17-3378,ITD,0,0,ITD,,NGSonly
870,PD23270c,PD23310a,PD23310,38,13:28608283,30,AGATCATATTCATATTCTCTGAAATCAACG,G,.,2,7___13:28608280___15___TATTCTCTGAAATCA___TCA___.,17-3385,ITD,0,0,ITD,,NGSonly
871,PD23311a,PD23313c,PD23313,60,13:28608281,63,AGGACTCTAAATTTTCTCTTGGAAACTCCCATTTGAGATCATATTCATATTCTCTGAAATCAA,.,AGG,1,.,17-3397,ITD,0,0,ITD,,NGSonly
872,PD23314a,PD23316a,PD23316,34,13:28608309,69,TAACTCCCATTTGAGATCATATTCATATTCTCTGAAATCAACGTAGAAGTACTCATTATCTGAGGAGCC,.,T,1,.,17-3407,ITD,0,0,ITD,,NGSonly
999,PD15056a,PD14961c,PD14961,.,.,.,.,.,.,0,.,16-1185,No_ITD,0,0,No_ITD,0,Both
1000,PD15044c,PD14973c,PD14973,.,.,.,.,.,.,0,.,16-1186,No_ITD,0,0,No_ITD,0,Both
1121,PD15420a2,PD15420a,PD15420,.,.,.,.,.,.,0,.,16-2378,No_ITD,0,0,No_ITD,0,Both
1231,PD14996a,PD15021c,PD15021,.,.,.,.,.,.,0,.,16-5083,No_ITD,0,0,No_ITD,0,Both
1817,PD15007a,PD15010c,PD15010,.,.,.,.,.,.,0,.,17-2786,No_ITD,0,0,No_ITD,0,Both
1826,PD14972c,PD15045c,PD15045,.,.,.,.,.,.,0,.,17-2799,No_ITD,0,0,No_ITD,0,Both
1829,PD15043a,PD14974c,PD14974,.,.,.,.,.,.,0,.,17-2805,No_ITD,0,0,No_ITD,0,Both
1830,PD14995c,PD15022a,PD15022,.,.,.,.,.,.,0,.,17-2806,No_ITD,0,0,No_ITD,0,Both
1832,PD14971a,PD15046a,PD15046,.,.,.,.,.,.,0,.,17-2811,No_ITD,0,0,No_ITD,0,Both
1833,PD14983c,PD15034c,PD15034,.,.,.,.,.,.,0,.,17-2819,No_ITD,0,0,No_ITD,0,Both
1835,PD14993a,PD15024c,PD15024,.,.,.,.,.,.,0,.,17-2824,No_ITD,0,0,No_ITD,0,Both
1836,PD15004a,PD15013a,PD15013,.,.,.,.,.,.,0,.,17-2826,No_ITD,0,0,No_ITD,0,Both
1839,PD15039a,PD14978a,PD14978,.,.,.,.,.,.,0,.,17-2833,No_ITD,0,0,No_ITD,0,Both
1840,PD15041a,PD14976c,PD14976,.,.,.,.,.,.,0,.,17-2834,No_ITD,0,0,No_ITD,0,Both
1843,PD15003c,PD15014a,PD15014,.,.,.,.,.,.,0,.,17-2845,No_ITD,0,0,No_ITD,0,Both
1862,PD15013a,PD15004a,PD15004,.,.,.,.,.,.,0,.,17-2890,No_ITD,0,0,No_ITD,0,Both
1865,PD15000a,PD15017c,PD15017,.,.,.,.,.,.,0,.,17-2897,No_ITD,0,0,No_ITD,0,Both
1866,PD15024c,PD14993a,PD14993,.,.,.,.,.,.,0,.,17-2898,No_ITD,0,0,No_ITD,0,Both
1868,PD14976c,PD15041a,PD15041,.,.,.,.,.,.,0,.,17-2901,No_ITD,0,0,No_ITD,0,Both
1872,PD14964a,PD15053a,PD15053,.,.,.,.,.,.,0,.,17-2910,No_ITD,0,0,No_ITD,0,Both
1879,PD14974c,PD15043a,PD15043,.,.,.,.,.,.,0,.,17-2922,No_ITD,0,0,No_ITD,0,Both
1880,PD15034c,PD14983c,PD14983,.,.,.,.,.,.,0,.,17-2925,No_ITD,0,0,No_ITD,0,Both
1889,PD15033a,PD14984c,PD14984,.,.,.,.,.,.,0,.,17-2940,No_ITD,0,0,No_ITD,0,Both
1892,PD15045c,PD14972c,PD14972,.,.,.,.,.,.,0,.,17-2944,No_ITD,0,0,No_ITD,0,Both
1897,PD14997a,PD15020c,PD15020,.,.,.,.,.,.,0,.,17-2950,No_ITD,0,0,No_ITD,0,Both
1968,PD23233a,PD23219a,PD23219,.,.,.,.,.,.,0,.,17-3078,No_ITD,0,0,No_ITD,0,Both
1978,PD23237a,PD23227c,PD23227,.,.,.,.,.,.,0,.,17-3105,No_ITD,0,0,No_ITD,0,Both
1980,PD23241c,PD23233a,PD23233,.,.,.,.,.,.,0,.,17-3114,No_ITD,0,0,No_ITD,0,Both
1981,PD23220c,PD23234a,PD23234,.,.,.,.,.,.,0,.,17-3116,No_ITD,0,0,No_ITD,0,Both
1983,PD23227c,PD23235c,PD23235,.,.,.,.,.,.,0,.,17-3119,No_ITD,0,0,No_ITD,0,Both
1989,PD23219a,PD23237a,PD23237,.,.,.,.,.,.,0,.,17-3130,No_ITD,0,0,No_ITD,0,Both
2003,PD23251a,PD23249c,PD23249,.,.,.,.,.,.,0,.,17-3168,No_ITD,0,0,No_ITD,0,Both
2012,PD23249c,PD23252a,PD23252,.,.,.,.,.,.,0,.,17-3182,No_ITD,0,0,No_ITD,0,Both
2016,PD23265c,PD23258a,PD23258,.,.,.,.,.,.,0,.,17-3197,No_ITD,0,0,No_ITD,0,Both
2021,PD23258a,PD23264a,PD23264,.,.,.,.,.,.,0,.,17-3211,No_ITD,0,0,No_ITD,0,Both
2022,PD23272c,PD23266c,PD23266,.,.,.,.,.,.,0,.,17-3217,No_ITD,0,0,No_ITD,0,Both
2024,PD23286c,PD23268a,PD23268,.,.,.,.,.,.,0,.,17-3221,No_ITD,0,0,No_ITD,0,Both
2028,PD23266c,PD23270c,PD23270,.,.,.,.,.,.,0,.,17-3231,No_ITD,0,0,No_ITD,0,Both
2031,PD23260c,PD23272c,PD23272,.,.,.,.,.,.,0,.,17-3239,No_ITD,0,0,No_ITD,0,Both
2035,PD23298c,PD23276a,PD23276,.,.,.,.,.,.,0,.,17-3246,No_ITD,0,0,No_ITD,0,Both
2037,PD23296a,PD23277a,PD23277,.,.,.,.,.,.,0,.,17-3250,No_ITD,0,0,No_ITD,0,Both
2038,PD23283a,PD23278c,PD23278,.,.,.,.,.,.,0,.,17-3251,No_ITD,0,0,No_ITD,0,Both
2047,PD23291c,PD23279a,PD23279,.,.,.,.,.,.,0,.,17-3265,No_ITD,0,0,No_ITD,0,Both
2052,PD23285a,PD23281c,PD23281,.,.,.,.,.,.,0,.,17-3275,No_ITD,0,0,No_ITD,0,Both
2055,PD23268a,PD23282a,PD23282,.,.,.,.,.,.,0,.,17-3280,No_ITD,0,0,No_ITD,0,Both
2058,PD23295a,PD23283a,PD23283,.,.,.,.,.,.,0,.,17-3285,No_ITD,0,0,No_ITD,0,Both
2064,PD23289a,PD23285a,PD23285,.,.,.,.,.,.,0,.,17-3298,No_ITD,0,0,No_ITD,0,Both
2065,PD23284c,PD23286c,PD23286,.,.,.,.,.,.,0,.,17-3299,No_ITD,0,0,No_ITD,0,Both
2068,PD23273a,PD23287a,PD23287,.,.,.,.,.,.,0,.,17-3302,No_ITD,0,0,No_ITD,0,Both
2069,PD23279a,PD23289a,PD23289,.,.,.,.,.,.,0,.,17-3305,No_ITD,0,0,No_ITD,0,Both
2070,PD23301a,PD23290c,PD23290,.,.,.,.,.,.,0,.,17-3306,No_ITD,0,0,No_ITD,0,Both
2072,PD23305a,PD23292c,PD23292,.,.,.,.,.,.,0,.,17-3310,No_ITD,0,0,No_ITD,0,Both
2073,PD23259c,PD23293a,PD23293,.,.,.,.,.,.,0,.,17-3312,No_ITD,0,0,No_ITD,0,Both
2080,PD23300c,PD23295a,PD23295,.,.,.,.,.,.,0,.,17-3330,No_ITD,0,0,No_ITD,0,Both
2081,PD23276a,PD23296a,PD23296,.,.,.,.,.,.,0,.,17-3332,No_ITD,0,0,No_ITD,0,Both
2089,PD23292c,PD23300c,PD23300,.,.,.,.,.,.,0,.,17-3360,No_ITD,0,0,No_ITD,0,Both
2090,PD23308c,PD23301a,PD23301,.,.,.,.,.,.,0,.,17-3361,No_ITD,0,0,No_ITD,0,Both
2094,PD23277a,PD23304c,PD23304,.,.,.,.,.,.,0,.,17-3372,No_ITD,0,0,No_ITD,0,Both
2095,PD23299d,PD23305a,PD23305,.,.,.,.,.,.,0,.,17-3373,No_ITD,0,0,No_ITD,0,Both
2098,PD23252a,PD23308c,PD23308,.,.,.,.,.,.,0,.,17-3382,No_ITD,0,0,No_ITD,0,Both
2100,PD23246a,PD23309a,PD23309,.,.,.,.,.,.,0,.,17-3384,No_ITD,0,0,No_ITD,0,Both
2101,PD23309a,PD23311a,PD23311,.,.,.,.,.,.,0,.,17-3386,No_ITD,0,0,No_ITD,0,Both
2104,PD23312c,PD23314a,PD23314,.,.,.,.,.,.,0,.,17-3398,No_ITD,0,0,No_ITD,0,Both
2436,PD23222c,PD23221c,PD23221,na,na,na,na,na,na,na,na,17-3085,na,0,0,No_ITD,0,CLIN
2437,PD23316a,PD23223c,PD23223,na,na,na,na,na,na,na,na,17-3093,na,0,0,No_ITD,0,CLIN
2438,PD23254a,PD23253a,PD23253,na,na,na,na,na,na,na,na,17-3187,na,0,0,No_ITD,0,CLIN
2439,PD23282a,PD23269c,PD23269,na,na,na,na,na,na,na,na,17-3222,na,0,0,No_ITD,0,CLIN
2440,PD23287a,PD23288c,PD23288,na,na,na,na,na,na,na,na,17-3304,na,0,0,No_ITD,0,CLIN
2441,PD23250c,PD23294a,PD23294,na,na,na,na,na,na,na,na,17-3315,na,0,0,No_ITD,0,CLIN
2442,PD23278c,PD23302c,PD23302,na,na,na,na,na,na,na,na,17-3362,na,0,0,No_ITD,0,CLIN
